Florida,Cerrena,hydnoides,965
Florida,Chlorophyllum,molybdites,778
Florida,Clathrus,columnatus,425
Florida,Clathrus,crispatus,343
Florida,Ganoderma,curtisii,320
Florida,Stereum,ostrea,319
Florida,Trametes,lactinea,306
Florida,Leucocoprinus,birnbaumii,241
Florida,Schizophyllum,commune,240
Florida,Ganoderma,zonatum,231
Florida,Favolus,brasiliensis,224
Florida,Lentinus,crinitus,216
Florida,Lactarius,indigo,179
Florida,Phallus,ravenelii,164
Florida,Trametes,versicolor,140
Florida,Leucocoprinus,fragilissimus,136
Florida,Amanita,persicina,135
Florida,Stereum,complicatum,135
Florida,Lactarius,hygrophoroides,118
Florida,Ganoderma,sessile,110
Florida,Hericium,erinaceus,110
Florida,Psilocybe,cubensis,103
Florida,Boletellus,ananas,102
Florida,Cantharellus,cinnabarinus,102
Florida,Coprinellus,disseminatus,100
Florida,Omphalotus,subilludens,95
Florida,Stereum,lobatum,84
Florida,Lycoperdon,marginatum,83
Florida,Sarcodontia,pachyodon,78
Florida,Astraeus,hygrometricus,77
Florida,Laetiporus,persicinus,74
Florida,Phellinus,gilva,69
Florida,Pluteus,cervinus,64
Florida,Neolentinus,lepideus,62
Florida,Phaeolus,schweinitzii,62
Florida,Pycnoporus,sanguineus,61
Florida,Cyathus,striatus,59
Florida,Gymnopus,iocephalus,58
Florida,Laetiporus,gilbertsonii,58
Florida,Strobilomyces,strobilaceus,55
Florida,Panaeolus,antillarum,51
Florida,Ganoderma,applanatum,50
Florida,Pleurotus,ostreatus,50
Florida,Cantharellus,coccolobae,49
Florida,Conocybe,apala,49
Florida,Laccaria,laccata,49
Florida,Fomes,fasciatus,44
Florida,Panaeolus,cyanescens,41
Florida,Lentinus,arcularius,39
Florida,Pulchroboletus,rubricitrinus,39
Florida,Mutinus,elegans,38
Florida,Parasola,plicatilis,38
Florida,Butyriboletus,floridanus,36
Florida,Cymatoderma,caperatum,36
Florida,Omphalotus,illudens,36
Florida,Pleurotus,pulmonarius,36
Florida,Trametes,cubensis,36
Florida,Gloeophyllum,sepiarium,35
Florida,Apioperdon,pyriforme,34
Florida,Pycnoporus,cinnabarina,33
Florida,Trichaptum,biforme,33
Florida,Cortinarius,iodes,32
Florida,Lactarius,volemus,31
Florida,Panus,lecomtei,31
Florida,Trichaptum,sector,30
Florida,Austroboletus,subflavidus,29
Florida,Volvariella,bombycina,29
Florida,Corticium,koleroga,27
Florida,Trametes,villosa,27
Florida,Pisolithus,arhizus,25
Florida,Amanita,bisporigera,24
Florida,Inonotus,hispidus,24
Florida,Lentinus,tigrinus,24
Florida,Panaeolus,papilionaceus,24
Florida,Scleroderma,citrinum,24
Florida,Hortiboletus,rubellus,23
Florida,Amanita,jacksonii,22
Florida,Amanita,vaginata,22
Florida,Gyroporus,roseialbus,22
Florida,Oudemansiella,canarii,22
Florida,Tylopilus,rhoadsiae,22
Florida,Laternea,dringii,21
Florida,Cantharellus,lateritius,20
Florida,Lactarius,paradoxus,20
Florida,Hypholoma,fasciculare,19
Florida,Geastrum,saccatum,18
Florida,Marasmius,oreades,18
Florida,Tetrapyrgos,nigripes,18
Florida,Trametes,hirsuta,18
Florida,Amanita,flavoconia,17
Florida,Armillaria,mellea,17
Florida,Hygrocybe,conica,17
Florida,Laetiporus,sulphureus,17
Florida,Macrocybe,titans,17
Florida,Phylloporopsis,boletinoides,17
Florida,Rhopalogaster,transversarius,17
Florida,Russula,hixsonii,17
Florida,Craterellus,fallax,16
Florida,Lepista,nuda,16
Florida,Myriostoma,coliforme,16
Florida,Phylloporia,fruticum,16
Florida,Trichaptum,abietinum,16
Florida,Amanita,lavendula,15
Florida,Phylloporus,foliiporus,15
Florida,Rhizopogon,nigrescens,15
Florida,Cyathus,stercoreus,14
Florida,Gloeophyllum,striatum,14
Florida,Inonotus,rickii,14
Florida,Laetiporus,cincinnatus,14
Florida,Lentinula,boryana,14
Florida,Lycoperdon,umbrinum,14
Florida,Phylloporus,rhodoxanthus,14
Florida,Pluteus,petasatus,14
Florida,Aureoboletus,russellii,13
Florida,Gymnopilus,palmicola,13
Florida,Gymnopilus,sapineus,13
Florida,Inocybe,subnodulosa,13
Florida,Leucoagaricus,americanus,13
Florida,Marasmius,haematocephalus,13
Florida,Panellus,pusillus,13
Florida,Pisolithus,tinctorius,13
Florida,Scleroderma,polyrhizum,13
Florida,Trametes,coccinea,13
Florida,Albatrellus,subrubescens,12
Florida,Amanita,mutabilis,12
Florida,Aureoboletus,auriporus,12
Florida,Clavulinopsis,fusiformis,12
Florida,Daedaleopsis,confragosa,12
Florida,Funalia,rigida,12
Florida,Gerronema,strombodes,12
Florida,Lactarius,piperatus,12
Florida,Phyllotopsis,nidulans,12
Florida,Pisolithus,arenarius,12
Florida,Scleroderma,cepa,12
Florida,Scleroderma,flavidum,12
Florida,Trametes,membranacea,12
Florida,Trametes,papyracea,12
Florida,Clavulina,floridana,11
Florida,Fomitopsis,palustris,11
Florida,Hyphoderma,aspera,11
Florida,Lentinus,levis,11
Florida,Panaeolina,foenisecii,11
Florida,Phylloporus,leucomycelinus,11
Florida,Russula,brevipes,11
Florida,Tylopilus,plumbeoviolaceus,11
Florida,Amanita,rubescens,10
Florida,Armillaria,gallica,10
Florida,Byssomerulius,corium,10
Florida,Entoloma,abortivum,10
Florida,Fomitella,supina,10
Florida,Gymnopus,dryophilus,10
Florida,Helvellosebacina,concrescens,10
Florida,Hygrophorus,subsordidus,10
Florida,Irpex,chartaceus,10
Florida,Laccaria,amethystina,10
Florida,Lactarius,corrugis,10
Florida,Leucocoprinus,cepistipes,10
Florida,Lycoperdon,perlatum,10
Florida,Microporellus,obovatus,10
Florida,Phlebiopsis,papyrinum,10
Florida,Scleroderma,bovista,10
Florida,Stereum,hirsutum,10
Florida,Tricholoma,caligatum,10
Florida,Tylopilus,felleus,10
Florida,Agaricus,campestris,9
Florida,Agaricus,pocillator,9
Florida,Amanita,flavivolva,9
Florida,Boletus,luridellus,9
Florida,Cantharellus,odoratus,9
Florida,Coprinopsis,lagopus,9
Florida,Cyathus,olla,9
Florida,Favolus,tenuiculus,9
Florida,Ganoderma,lobatum,9
Florida,Geastrum,javanicum,9
Florida,Hohenbuehelia,petaloides,9
Florida,Hortiboletus,campestris,9
Florida,Hydnoporia,olivacea,9
Florida,Laccaria,trullisata,9
Florida,Lentinus,velutinus,9
Florida,Phallus,rubicundus,9
Florida,Phallus,rugulosus,9
Florida,Phellinus,licnoides,9
Florida,Russula,rosacea,9
Florida,Schizophyllum,umbrinum,9
Florida,Trichaptum,byssogenum,9
Florida,Tubaria,furfuracea,9
Florida,Amyloporia,sinuosa,8
Florida,Cantharellus,minor,8
Florida,Cortinarius,semisanguineus,8
Florida,Dichomitus,amygdalinus,8
Florida,Fibroporia,radiculosa,8
Florida,Fomitiporia,dryophila,8
Florida,Ganoderma,sulcatum,8
Florida,Ganoderma,tsugae,8
Florida,Gyroporus,castaneus,8
Florida,Hygrocybe,coccinea,8
Florida,Irpex,lacteus,8
Florida,Lactarius,psammicola,8
Florida,Osmoporus,mexicanum,8
Florida,Piptoporellus,soloniensis,8
Florida,Pluteus,tomentosulus,8
Florida,Rigidoporus,ulmarius,8
Florida,Russula,amoenolens,8
Florida,Sarcodontia,unicolor,8
Florida,Scytinostroma,portentosum,8
Florida,Stereum,fasciatum,8
Florida,Thelephora,terrestris,8
Florida,Tulostoma,striatum,8
Florida,Tylopilus,tabacinus,8
Florida,Veloporphyrellus,conicus,8
Florida,Xylobolus,subpileatus,8
Florida,Baorangia,bicolor,7
Florida,Calostoma,cinnabarinum,7
Florida,Coltricia,cinnamomea,7
Florida,Cortinarius,subglaucopus,7
Florida,Geastrum,triplex,7
Florida,Hymenochaete,iodinus,7
Florida,Hypochnus,albocinctus,7
Florida,Inocybe,gigantispora,7
Florida,Lentinula,raphanica,7
Florida,Leucoagaricus,leucothites,7
Florida,Macrolepiota,procera,7
Florida,Mutinus,bambusinus,7
Florida,Mycena,galericulata,7
Florida,Nothopanus,eugrammus,7
Florida,Panus,strigosus,7
Florida,Peniophora,albobadia,7
Florida,Perenniporia,medulla-panis,7
Florida,Schizopora,paradoxa,7
Florida,Sebacina,schweinitzii,7
Florida,Stereum,ochraceoflavum,7
Florida,Stereum,versicolor,7
Florida,Trametes,ectypa,7
Florida,Trametes,elegans,7
Florida,Xylobolus,frustulosum,7
Florida,Agaricus,blazei,6
Florida,Agaricus,cylindriceps,6
Florida,Agaricus,rhoadsii,6
Florida,Agrocybe,pediades,6
Florida,Agrocybe,subamara,6
Florida,Anthracophyllum,lateritium,6
Florida,Armillaria,australis,6
Florida,Astraeus,morganii,6
Florida,Butyriboletus,frostii,6
Florida,Calvatia,cyathiformis,6
Florida,Cerioporus,squamosus,6
Florida,Chlorophyllum,subrhacodes,6
Florida,Chroogomphus,vinicolor,6
Florida,Cortinarius,hiemalis,6
Florida,Cortinarius,lacticeps,6
Florida,Desarmillaria,tabescens,6
Florida,Dictyonema,sericeum,6
Florida,Gomphidius,alachuanus,6
Florida,Gymnopilus,luteofolius,6
Florida,Hebeloma,subfastibile,6
Florida,Hydnellum,caeruleum,6
Florida,Hydnellum,peckii,6
Florida,Hymenochaete,pinnatifida,6
Florida,Inonotus,quercustris,6
Florida,Lactarius,yazooensis,6
Florida,Lepiota,tinctoria,6
Florida,Lepista,panaeolus,6
Florida,Marasmiellus,cubensis,6
Florida,Melanoleuca,melaleuca,6
Florida,Pappia,fissilis,6
Florida,Phellinus,gilvus,6
Florida,Phlebia,fascicularia,6
Florida,Porphyrellus,sordidus,6
Florida,Pseudosperma,fastigiata,6
Florida,Russula,pusilla,6
Florida,Russula,subalbidula,6
Florida,Scleroderma,areolatum,6
Florida,Trichaptum,abietinus,6
Florida,Vitreoporus,dichrous,6
Florida,Volvariella,alachuana,6
Florida,Xylobolus,subpileatum,6
Florida,Aegerita,webberi,5
Florida,Agaricus,bilamellata,5
Florida,Agaricus,endoxanthus,5
Florida,Agaricus,projectellus,5
Florida,Agrocybe,retigera,5
Florida,Agrocybe,subpediades,5
Florida,Amanita,citrina,5
Florida,Amanita,levistriata,5
Florida,Amanita,phalloides,5
Florida,Artomyces,pyxidatus,5
Florida,Auricularia,cornea,5
Florida,Boletinellus,merulioides,5
Florida,Boletus,aureissimus,5
Florida,Boletus,flavissimus,5
Florida,Boletus,subsensibilis,5
Florida,Boletus,subvelutipes,5
Florida,Cantharellus,cibarius,5
Florida,Cerioporus,serpens,5
Florida,Chlorophyllum,humei,5
Florida,Climacodon,pulcherrimum,5
Florida,Coltricia,focicola,5
Florida,Coprinellus,arenicola,5
Florida,Coprinopsis,variegata,5
Florida,Cortinarius,marylandensis,5
Florida,Cortinarius,oreades,5
Florida,Donkia,pulcherrima,5
Florida,Exidia,recisa,5
Florida,Ginnsia,crocicreas,5
Florida,Hydnellum,alachuanus,5
Florida,Hydnophlebia,chrysorhiza,5
Florida,Hymenochaete,tabacina,5
Florida,Hymenochaetopsis,insularis,5
Florida,Inocybe,cylindrispora,5
Florida,Inocybe,praenucleata,5
Florida,Inocybe,subradiata,5
Florida,Inonotus,tabacinus,5
Florida,Laeticutis,cristatiformis,5
Florida,Leccinum,roseoscabrum,5
Florida,Lentinus,berteroi,5
Florida,Lentinus,squarrosulus,5
Florida,Lentinus,villosus,5
Florida,Leratiomyces,ceres,5
Florida,Lycoperdon,rimulatum,5
Florida,Mallocybe,subdecurrens,5
Florida,Marasmiellus,dealbatus,5
Florida,Meruliporia,incrassata,5
Florida,Panaeolus,cinctulus,5
Florida,Panaeolus,pumilus,5
Florida,Phaeophlebiopsis,ravenelii,5
Florida,Phellodon,niger,5
Florida,Phlebia,tremellosus,5
Florida,Ramaria,formosa,5
Florida,Rhizoctonia,filamentosa,5
Florida,Russula,crustosa,5
Florida,Russula,vinacea,5
Florida,Sarcodontia,fragilissimum,5
Florida,Sarcodontia,mollis,5
Florida,Scleroderma,lycoperdoides,5
Florida,Strobilomyces,confusus,5
Florida,Stropharia,coronilliformis,5
Florida,Suillellus,pictiformis,5
Florida,Suillus,luteus,5
Florida,Suillus,salmonicolor,5
Florida,Trametes,ectypus,5
Florida,Trametes,marianna,5
Florida,Trametes,pubescens,5
Florida,Tremelloscypha,gelatinosa,5
Florida,Tricholoma,caligata,5
Florida,Tricholoma,terreum,5
Florida,Tricholomopsis,formosa,5
Florida,Tylopilus,peralbidus,5
Florida,Xanthoconium,affine,5
Florida,Xeromphalina,campanella,5
Florida,Agaricus,arvensis,4
Florida,Agaricus,suboreades,4
Florida,Agaricus,sylvicola,4
Florida,Agaricus,wilmotii,4
Florida,Amanita,brunnescens,4
Florida,Amanita,rhoadsii,4
Florida,Amanita,westii,4
Florida,Boletus,bicolor,4
Florida,Boletus,subtomentosus,4
Florida,Calvarula,excavata,4
Florida,Ceriporia,alachuana,4
Florida,Chlorophyllum,morganii,4
Florida,Clavaria,fragilis,4
Florida,Coprinus,comatus,4
Florida,Coriolopsis,byrsina,4
Florida,Cortinarius,equestriformis,4
Florida,Cortinarius,lilacinus,4
Florida,Cortinarius,violaceus,4
Florida,Cortinarius,watsonii,4
Florida,Crustoderma,dryinum,4
Florida,Deconica,coprophila,4
Florida,Echinoderma,asperum,4
Florida,Entoloma,strictius,4
Florida,Entoloma,subcommune,4
Florida,Fomes,fomentarius,4
Florida,Fomes,meliae,4
Florida,Ganoderma,australe,4
Florida,Geastrum,schweinitzii,4
Florida,Gloeoporus,conchoides,4
Florida,Gloeoporus,rufa,4
Florida,Gymnopilus,cyanopalmicola,4
Florida,Gymnopilus,lepidotus,4
Florida,Hapalopilus,croceus,4
Florida,Heterobasidion,annosum,4
Florida,Hydnum,membranaceum,4
Florida,Hygrocybe,cantharellus,4
Florida,Hygrocybe,langei,4
Florida,Infundibulicybe,gibba,4
Florida,Inocutis,ludoviciana,4
Florida,Inocutis,ludovicianus,4
Florida,Lactarius,paradoxiformis,4
Florida,Lactarius,praezonatus,4
Florida,Laeticutis,cristatus,4
Florida,Lentinellus,ursinus,4
Florida,Lentinula,edodes,4
Florida,Lenzites,betulinus,4
Florida,Lepista,tarda,4
Florida,Leucocoprinus,cretaceus,4
Florida,Mallocybe,fulviceps,4
Florida,Marasmius,graminum,4
Florida,Marasmius,siccus,4
Florida,Megasporoporia,setulosus,4
Florida,Microporellus,dealbatus,4
Florida,Microporellus,mutabilis,4
Florida,Naematoloma,subumbonatescens,4
Florida,Panaeolus,fimicola,4
Florida,Panus,conchatus,4
Florida,Panus,strigellus,4
Florida,Peniophora,albobadium,4
Florida,Phallus,duplicatus,4
Florida,Phellinus,igniarius,4
Florida,Phlebiopsis,crassum,4
Florida,Phlebiopsis,scabriseta,4
Florida,Pleuroflammula,flammea,4
Florida,Pluteus,chrysaegis,4
Florida,Podaxis,argentinus,4
Florida,Polyporus,gratzianus,4
Florida,Polyporus,niphodes,4
Florida,Pseudoinonotus,dryadeus,4
Florida,Psilocybe,cyanescens,4
Florida,Ramaria,stricta,4
Florida,Rigidoporus,lineatus,4
Florida,Russula,alpium,4
Florida,Russula,betularum,4
Florida,Russula,parvovirescens,4
Florida,Russula,perlactea,4
Florida,Sarcodontia,spumeus,4
Florida,Scleroderma,floridanum,4
Florida,Scleroderma,geaster,4
Florida,Singerocybe,adirondackensis,4
Florida,Sparassis,spathulata,4
Florida,Steccherinum,laeticolor,4
Florida,Stereophlebia,tuberculata,4
Florida,Strobilurus,conigenoides,4
Florida,Suillellus,luridus,4
Florida,Suillus,brevipes,4
Florida,Suillus,cothurnatus,4
Florida,Suillus,hirtellus,4
Florida,Tetrapyrgos,longicystidiata,4
Florida,Thelephora,cuticularis,4
Florida,Tulostoma,berkeleyi,4
Florida,Tylopilus,griseocarneus,4
Florida,Tylopilus,minor,4
Florida,Tyromyces,chioneus,4
Florida,Volvopluteus,gloiocephalus,4
Florida,Xylobolus,frustulatum,4
Florida,Xylobolus,insigne,4
Florida,Zelleromyces,ravenelii,4
Florida,Abortiporus,biennis,3
Florida,Agaricus,alachuanus,3
Florida,Agaricus,subalachuanus,3
Florida,Agaricus,xanthodermus,3
Florida,Alessioporus,rubriflavus,3
Florida,Amanita,abrupta,3
Florida,Amanita,arenicola,3
Florida,Amanita,cylindrispora,3
Florida,Amanita,flavorubescens,3
Florida,Amanita,malodora,3
Florida,Amanita,roanokensis,3
Florida,Amanita,subrecutitus,3
Florida,Amanita,tenuifolius,3
Florida,Antrodia,albida,3
Florida,Atheliachaete,petersii,3
Florida,Auricularia,fuscosuccinea,3
Florida,Auricularia,nigrescens,3
Florida,Auricularia,polytricha,3
Florida,Bjerkandera,adusta,3
Florida,Bolbitius,coprophilus,3
Florida,Boletus,pallidus,3
Florida,Bovista,pusillum,3
Florida,Bovista,sempervirentium,3
Florida,Calvatia,bicolor,3
Florida,Cantharellus,texensis,3
Florida,Chaetocalathus,liliputianus,3
Florida,Chrysomphalina,chrysophylla,3
Florida,Cinereomyces,lindbladii,3
Florida,Clavulina,coralloides,3
Florida,Clavulinopsis,laeticolor,3
Florida,Conocybe,caespitosa,3
Florida,Coprinellus,floridanus,3
Florida,Coprinus,ebulbosus,3
Florida,Cortinarius,citriniceps,3
Florida,Craterellus,cornucopioides,3
Florida,Daedalea,ambigua,3
Florida,Dichostereum,pallescens,3
Florida,Disciseda,subterranea,3
Florida,Earliella,scabrosa,3
Florida,Entoloma,floridanum,3
Florida,Entoloma,vernum,3
Florida,Erastia,salmonicolor,3
Florida,Erythricium,salmonicolor,3
Florida,Exidiopsis,effusa,3
Florida,Fistulinella,gloeocarpa,3
Florida,Fomitella,hemileucus,3
Florida,Fuscocerrena,portoricensis,3
Florida,Ganoderma,lucidum,3
Florida,Geastrum,fimbriatum,3
Florida,Gerronema,subchrysophylla,3
Florida,Gyroporus,subalbellus,3
Florida,Haplotrichum,laevisporus,3
Florida,Hebeloma,crustuliniforme,3
Florida,Hydnellum,aurantiacum,3
Florida,Hydnum,subcarnaceum,3
Florida,Hygrophoropsis,aurantiaca,3
Florida,Hygrophorus,russuliformis,3
Florida,Hymenochaetopsis,corrugata,3
Florida,Hymenopellis,furfuracea,3
Florida,Hyphoderma,setigera,3
Florida,Hyphoderma,setigerum,3
Florida,Hyphodontia,granulosa,3
Florida,Inocybe,nucleata,3
Florida,Inonotus,micantissimus,3
Florida,Lactarius,alachuanus,3
Florida,Lactarius,deceptivus,3
Florida,Lactarius,maculatipes,3
Florida,Lactarius,nonlactifluus,3
Florida,Lactarius,praeserifluus,3
Florida,Lactarius,proximellus,3
Florida,Lactarius,subdulcis,3
Florida,Lactifluus,glaucescens,3
Florida,Lactocollybia,angiospermarum,3
Florida,Laxitextum,bicolor,3
Florida,Leucoagaricus,rubrotinctus,3
Florida,Leucocoprinus,tricolor,3
Florida,Mallocybe,fulvoumbonata,3
Florida,Marasmiellus,distantifolius,3
Florida,Marasmius,ruforotula,3
Florida,Marasmius,sullivantii,3
Florida,Meripilus,sumstinei,3
Florida,Microporellus,obovata,3
Florida,Mycena,epipterygia,3
Florida,Neoantrodia,serialis,3
Florida,Pachykytospora,alabamae,3
Florida,Panus,siparius,3
Florida,Perenniporia,fraxinea,3
Florida,Perenniporia,tenuis,3
Florida,Phanerochaete,plumosum,3
Florida,Phellinopsis,conchatus,3
Florida,Pholiota,polychroa,3
Florida,Polyporus,rhoadsii,3
Florida,Porphyrellus,fumosipes,3
Florida,Pycnoporus,cinnabarinus,3
Florida,Ramaria,flava,3
Florida,Rhizopogon,rubescens,3
Florida,Rhodocybe,roseiavellaneus,3
Florida,Rigidoporus,crocatus,3
Florida,Russula,compacta,3
Florida,Russula,foetens,3
Florida,Russula,mariae,3
Florida,Russula,pectinatoides,3
Florida,Russula,subacris,3
Florida,Russula,subochrophylla,3
Florida,Russula,variata,3
Florida,Scytinostroma,ochroleucum,3
Florida,Sebacina,incrustans,3
Florida,Sistotremastrum,suecicum,3
Florida,Smithiomyces,mexicanus,3
Florida,Sphaerobolus,stellatus,3
Florida,Steccherinum,ochraceum,3
Florida,Steccherinum,rawakense,3
Florida,Stereum,sanguinolentum,3
Florida,Stereum,striatum,3
Florida,Suillus,decipiens,3
Florida,Tapinella,panuoides,3
Florida,Thelephora,griseozonata,3
Florida,Trametes,pavonia,3
Florida,Truncospora,fuscopurpureus,3
Florida,Tylopilus,pisciodorus,3
Florida,Tyromyces,humeana,3
Florida,Volvariella,volvacea,3
Florida,Xanthoconium,stramineum,3
Florida,Xanthoconium,stramineus,3
Florida,Xylodon,candidissima,3
Florida,Zelleromyces,cinnabarinus,3
Florida,Zhuliangomyces,illinita,3
Florida,Abortiporus,distortus,2
Florida,Agaricus,abruptibulbus,2
Florida,Agaricus,placomyces,2
Florida,Agaricus,subplacomyces-badius,2
Florida,Agrocybe,collybiiformis,2
Florida,Amanita,aestivalis,2
Florida,Amanita,arkansana,2
Florida,Amanita,caesarea,2
Florida,Amanita,elongata,2
Florida,Amanita,farinosa,2
Florida,Amanita,gemmata,2
Florida,Amanita,muscaria,2
Florida,Amanita,praelongispora,2
Florida,Amanita,roseotincta,2
Florida,Amanita,subsolitaria,2
Florida,Amanita,tenuifolia,2
Florida,Antrodia,heteromorpha,2
Florida,Arachnion,album,2
Florida,Aureoboletus,flavimarginatus,2
Florida,Aureoboletus,gentilis,2
Florida,Auricularia,angiospermarum,2
Florida,Battarrea,phalloides,2
Florida,Bolbitius,titubans,2
Florida,Boletus,carminiporus,2
Florida,Boletus,speciosus,2
Florida,Botryobasidium,isabellinus,2
Florida,Butyriboletus,roseopurpureus,2
Florida,Byssomerulius,incarnata,2
Florida,Byssomerulius,incarnatus,2
Florida,Callistosporium,luteo-olivaceum,2
Florida,Cantharellus,tenuithrix,2
Florida,Cerioporus,flava,2
Florida,Chalciporus,rubritubifer,2
Florida,Chlorophyllum,agaricoides,2
Florida,Chlorophyllum,subfulvidisca,2
Florida,Clathrus,cancellatus,2
Florida,Clavariadelphus,truncatus,2
Florida,Clavariadelphus,unicolor,2
Florida,Clitocybe,entoloma,2
Florida,Clitopilus,alutacea,2
Florida,Clitopilus,minimus,2
Florida,Coltricia,perennis,2
Florida,Conocybe,magnispora,2
Florida,Conocybe,rugosa,2
Florida,Conohypha,albocremeum,2
Florida,Coprinellus,flocculosus,2
Florida,Coprinellus,micaceus,2
Florida,Coprinopsis,atramentaria,2
Florida,Coprinopsis,clastophylla,2
Florida,Coprinus,subdomesticus,2
Florida,Cora,pavonia,2
Florida,Cortinarius,largiformis,2
Florida,Cortinarius,perferrugineus,2
Florida,Crepidotus,appalachianensis,2
Florida,Crepidotus,applanatus,2
Florida,Crepidotus,krieglsteineri,2
Florida,Crepidotus,mollis,2
Florida,Crinipellis,foliicola,2
Florida,Crustoderma,dryina,2
Florida,Cryptoporus,volvatus,2
Florida,Cyanoboletus,pulverulentus,2
Florida,Cycloderma,indicum,2
Florida,Cyptotrama,asprata,2
Florida,Entoloma,abortivus,2
Florida,Entoloma,subnigra,2
Florida,Favolaschia,manipularis,2
Florida,Fistulina,hepatica,2
Florida,Fomes,fasciata,2
Florida,Fomes,marmoratus,2
Florida,Fomitella,supinus,2
Florida,Fomitiporia,punctata,2
Florida,Fomitopsis,betulina,2
Florida,Fulvifomes,floridana,2
Florida,Fuscoporia,ferreus,2
Florida,Galerella,plicatella,2
Florida,Ganoderma,tornatum,2
Florida,Geastrum,coronatus,2
Florida,Geastrum,minimum,2
Florida,Gerronema,subchrysophyllum,2
Florida,Gliophorus,psittacina,2
Florida,Gloeodontia,discolor,2
Florida,Gloeophyllum,berkeleyi,2
Florida,Gloeophyllum,protractum,2
Florida,Gloeoporus,rufus,2
Florida,Gloiothele,citrinus,2
Florida,Gymnopilus,bellulus,2
Florida,Gymnopilus,fulgens,2
Florida,Gymnopilus,praelaeticolor,2
Florida,Gymnopilus,subspectabilis,2
Florida,Gymnopus,brassicolens,2
Florida,Gymnopus,floridanus,2
Florida,Gyroporus,fumosiceps,2
Florida,Hapalopilus,albocitrinus,2
Florida,Hebeloma,alachuanum,2
Florida,Hebeloma,praefelleum,2
Florida,Heterobasidion,annosus,2
Florida,Hexagonia,cucullatus,2
Florida,Hortiboletus,fraternus,2
Florida,Hydnellum,spongiosipes,2
Florida,Hydnum,rufescens,2
Florida,Hydropus,taxodii,2
Florida,Hygrocybe,conicus,2
Florida,Hygrocybe,flavescens,2
Florida,Hygrocybe,persistens,2
Florida,Hygrocybe,subminutulus,2
Florida,Hygrophorus,tephroleucus,2
Florida,Hygrophorus,westii,2
Florida,Hymenochaete,cervina,2
Florida,Hymenochaete,rheicolor,2
Florida,Inocybe,calospora,2
Florida,Inocybe,diabolica,2
Florida,Inocybe,margaritispora,2
Florida,Inocybe,striatiformis,2
Florida,Inocybe,subconnexa,2
Florida,Inocybe,subeutheloides,2
Florida,Inocybe,subfulva,2
Florida,Inocybe,taedophila,2
Florida,Inonotus,amplectens,2
Florida,Inonotus,cuticularis,2
Florida,Inosperma,lanatodiscum,2
Florida,Ischnoderma,resinosum,2
Florida,Ithyphallus,murrillii,2
Florida,Laccaria,proxima,2
Florida,Laccaria,striatula,2
Florida,Lactarius,floridanus,2
Florida,Lactarius,imperceptus,2
Florida,Lactarius,pseudodeliciosus,2
Florida,Lactarius,rimosellus,2
Florida,Lactarius,westii,2
Florida,Lactarius,xanthogalactus,2
Florida,Lactifluus,luteolus,2
Florida,Leccinum,scaber,2
Florida,Lepiota,aurora,2
Florida,Lepista,sordida,2
Florida,Leucoagaricus,meleagris,2
Florida,Leucocoprinus,cretacea,2
Florida,Lycoperdon,subvelatum,2
Florida,Lyophyllum,decastes,2
Florida,Lyophyllum,umbriniceps,2
Florida,Lysurus,cruciatus,2
Florida,Lysurus,mokusin,2
Florida,Lysurus,periphragmoides,2
Florida,Macrohyporia,cocos,2
Florida,Mallocybe,hebelomoides,2
Florida,Mallocybe,leucoloma,2
Florida,Mallocybe,multispora,2
Florida,Marasmiellus,eburneus,2
Florida,Marasmiellus,sanctae-marthae,2
Florida,Marasmiellus,subgraminis,2
Florida,Marasmius,corrugatus,2
Florida,Marasmius,fulvoferrugineus,2
Florida,Marasmius,superabundans,2
Florida,Melanoleuca,ferruginescens,2
Florida,Melanoleuca,odorum,2
Florida,Melanoleuca,watsonii,2
Florida,Mycena,glutinosa,2
Florida,Mycena,inclinata,2
Florida,Mycena,palmivora,2
Florida,Mycena,pura,2
Florida,Mycena,subinclinata,2
Florida,Mycenastrum,corium,2
Florida,Neofavolus,alveolaris,2
Florida,Neolentinus,spretus,2
Florida,Nigroporus,vinosus,2
Florida,Onnia,tomentosus,2
Florida,Oxyporus,corticola,2
Florida,Oxyporus,latemarginatus,2
Florida,Panellus,rhipidium,2
Florida,Panus,tephroleucus,2
Florida,Peniophora,cinerea,2
Florida,Peniophora,incarnata,2
Florida,Peniophora,pruinata,2
Florida,Phellinidium,rufitinctus,2
Florida,Phellinus,fastuosus,2
Florida,Phellinus,pini,2
Florida,Phellinus,punctatiformis,2
Florida,Pholiota,carbonaria,2
Florida,Pholiota,castanea,2
Florida,Phylloporia,corrosus,2
Florida,Physisporinus,vitreus,2
Florida,Pleurocollybia,amara,2
Florida,Pleurotus,dryinus,2
Florida,Pleurotus,viticola,2
Florida,Pluteus,longistriatus,2
Florida,Pluteus,mammillata,2
Florida,Pluteus,sphaerospora,2
Florida,Polyporus,curtipes,2
Florida,Polyporus,molliculus,2
Florida,Polyporus,mowryana,2
Florida,Porodisculus,pendulus,2
Florida,Postia,ptychogaster,2
Florida,Protostropharia,semiglobata,2
Florida,Psathyrella,candolleana,2
Florida,Pseudosperma,umbrinellum,2
Florida,Pulveroboletus,ravenelii,2
Florida,Resiniceum,bicolor,2
Florida,Resupinatus,applicatus,2
Florida,Rhizopogon,couchii,2
Florida,Rhodofomes,cajanderi,2
Florida,Rhodofomes,rosea,2
Florida,Rhodofomitopsis,feei,2
Florida,Rigidoporus,geotropus,2
Florida,Rigidoporus,plebeius,2
Florida,Ripartitella,squamosidisca,2
Florida,Russula,adusta,2
Florida,Russula,alachuana,2
Florida,Russula,emetica,2
Florida,Russula,fosteriana,2
Florida,Russula,fragiloides,2
Florida,Russula,heterospora,2
Florida,Russula,mutabilis,2
Florida,Russula,pervirginea,2
Florida,Russula,pinophila,2
Florida,Russula,subdensifolia,2
Florida,Russula,subemetica,2
Florida,Russula,subpusilla,2
Florida,Russula,subrubescens,2
Florida,Russula,testaceiceps,2
Florida,Saproamanita,praegraveolens,2
Florida,Sarcodontia,fragilissima,2
Florida,Scleroderma,verrucosum,2
Florida,Scleroderma,vulgare,2
Florida,Serpula,lacrymans,2
Florida,Stereum,rameale,2
Florida,Stropharia,rugosoannulata,2
Florida,Tomentella,pannosus,2
Florida,Trametes,gibbosa,2
Florida,Trametes,hostmannii,2
Florida,Trametes,polyzona,2
Florida,Trametes,subectypa,2
Florida,Trametes,variegatus,2
Florida,Trechispora,farinacea,2
Florida,Trichaptum,pergamenus,2
Florida,Trichaptum,versatilis,2
Florida,Tricholoma,quercicola,2
Florida,Tricholomopsis,aurea,2
Florida,Trogia,buccinalis,2
Florida,Trogia,icterinum,2
Florida,Truncospora,tephropora,2
Florida,Tubaria,fuscifolia,2
Florida,Tubulicrinis,hamatus,2
Florida,Tulostoma,longii,2
Florida,Tyromyces,humeanus,2
Florida,Volvariella,cubensis,2
Florida,Volvariopsis,floridana,2
Florida,Volvopluteus,earlei,2
Florida,Xanthoconium,purpureum,2
Florida,Xerocomellus,chrysenteron,2
Florida,Xeromphalina,tenuipes,2
Florida,Xylobolus,frustulatus,2
Florida,Zhuliangomyces,subillinita,2
florida,Inonotus,cuticularis,1
Florida,Acladium,curtisii,1
Florida,Agaricus,alabamensis,1
Florida,Agaricus,augustus,1
Florida,Agaricus,comtulus,1
Florida,Agaricus,floridanus,1
Florida,Agaricus,praemagniceps,1
Florida,Agaricus,subponderosus,1
Florida,Agaricus,sylvaticus,1
Florida,Agaricus,tantulus,1
Florida,Agaricus,xanthodermoides,1
Florida,Agrocybe,praecox,1
Florida,Agrocybe,putaminum,1
Florida,Agrocybe,semiorbicularis,1
Florida,Agrocybe,subsiparioides,1
Florida,Albatrellus,ovinus,1
Florida,Alutaceodontia,alutacea,1
Florida,Amanita,abruptiformis,1
Florida,Amanita,agglutinata,1
Florida,Amanita,chlorinosma,1
Florida,Amanita,cinereoconia,1
Florida,Amanita,cothurnata,1
Florida,Amanita,fulva,1
Florida,Amanita,fuscostriata,1
Florida,Amanita,inaurata,1
Florida,Amanita,magnivelaris,1
Florida,Amanita,malodorus,1
Florida,Amanita,murrilliana,1
Florida,Amanita,neglecta,1
Florida,Amanita,parcivolvata,1
Florida,Amanita,rubens,1
Florida,Amanita,spretella,1
Florida,Amanita,strangulata,1
Florida,Amanita,suballiacea,1
Florida,Amanita,verna,1
Florida,Anomoporia,bombycinus,1
Florida,Anthracophyllum,lateritius,1
Florida,Anthracophyllum,nigritum,1
Florida,Anthracophyllum,nigritus,1
Florida,Antrodia,xantha,1
Florida,Antrodiopsis,oleracea,1
Florida,Aspidella,solitaria,1
Florida,Asterophora,lycoperdoides,1
Florida,Asterostroma,laxum,1
Florida,Astraeus,smithii,1
Florida,Athelia,scutellaris,1
Florida,Auricularia,americana,1
Florida,Auricularia,auricula-judae,1
Florida,Auricularia,nigricans,1
Florida,Austroboletus,gracilis,1
Florida,Baeospora,myosura,1
Florida,Baltazaria,galactinum,1
Florida,Bjerkandera,halesiae,1
Florida,Boletellus,cubensis,1
Florida,Boletellus,flocculosipes,1
Florida,Boletus,atkinsonii,1
Florida,Boletus,auripes,1
Florida,Boletus,bulbosus,1
Florida,Boletus,projectelloides,1
Florida,Boletus,pseudopinophilus,1
Florida,Boletus,sensibilis,1
Florida,Boletus,sordidiformis,1
Florida,Boletus,subreticulatus,1
Florida,Boletus,variipes,1
Florida,Botryobasidium,vagum,1
Florida,Bovista,oblongisporum,1
Florida,Bovista,umbrina,1
Florida,Bovistella,utriforme,1
Florida,Buchwaldoboletus,hemichrysus,1
Florida,Buchwaldoboletus,lignicola,1
Florida,Butyriboletus,regius,1
Florida,Byssoporia,polyporicola,1
Florida,Callistosporium,elegans,1
Florida,Callistosporium,palmarum,1
Florida,Calvatia,gigantea,1
Florida,Cantharellula,umbonata,1
Florida,Ceraceomyces,serpens,1
Florida,Cerioporus,scutellatus,1
Florida,Ceriporia,ferrugineocincta,1
Florida,Ceriporia,purpureus,1
Florida,Ceriporia,spissus,1
Florida,Ceriporia,subambigua,1
Florida,Ceriporia,xylostromatoides,1
Florida,Cerrena,drummondii,1
Florida,Cerrena,unicolor,1
Florida,Chalciporus,piperatus,1
Florida,Chlorophyllum,hortense,1
Florida,Chondrostereum,purpureum,1
Florida,Chroogomphus,rutilus,1
Florida,Clathrus,ruber,1
Florida,Clavaria,citriceps,1
Florida,Clavaria,cristatula,1
Florida,Clavaria,murina,1
Florida,Clavaria,muscoides,1
Florida,Clavariadelphus,flavidus,1
Florida,Clavulinopsis,aurantiocinnabarina,1
Florida,Clitocybe,fragrans,1
Florida,Clitocybe,multiceps,1
Florida,Clitocybe,praticola,1
Florida,Clitocybe,watsonii,1
Florida,Clitopilopsis,heterospora,1
Florida,Collybia,umbrinescens,1
Florida,Coltricia,montagnei,1
Florida,Coltriciella,dependens,1
Florida,Conocybe,crispa,1
Florida,Conocybe,crispella,1
Florida,Conocybe,fuscimarginata,1
Florida,Coprinopsis,nivea,1
Florida,Coprinopsis,strossmayeri,1
Florida,Coprinus,spadiceisporus,1
Florida,Coprinus,spraguei,1
Florida,Coprinus,spragueiformis,1
Florida,Coprinus,sterquilinus,1
Florida,Cora,glabratum,1
Florida,Coriolopsis,caperata,1
Florida,Corticium,lacteum,1
Florida,Corticium,stevensonii,1
Florida,Cortinarius,albiceps,1
Florida,Cortinarius,albidiformis,1
Florida,Cortinarius,albidulus,1
Florida,Cortinarius,atroalbus,1
Florida,Cortinarius,birchfieldii,1
Florida,Cortinarius,caerulescens,1
Florida,Cortinarius,cuspidata,1
Florida,Cortinarius,davisii,1
Florida,Cortinarius,elatior,1
Florida,Cortinarius,laeticolor,1
Florida,Cortinarius,perviolaceus,1
Florida,Cortinarius,praebrevipes,1
Florida,Cortinarius,praefelleus,1
Florida,Cortinarius,praepallens,1
Florida,Cortinarius,squalidiformis,1
Florida,Cortinarius,subargentatus,1
Florida,Cortinarius,subfimbriatus,1
Florida,Cortinarius,subglobisporus,1
Florida,Cortinarius,sublargus,1
Florida,Cortinarius,sublilacinus,1
Florida,Cortinarius,weberi,1
Florida,Cortinarius,westii,1
Florida,Craterellus,tubaeformis,1
Florida,Crepidotus,alabamensis,1
Florida,Crepidotus,nyssicola,1
Florida,Crepidotus,thermophila,1
Florida,Cristinia,mucidum,1
Florida,Cryptomarasmius,corbariensis,1
Florida,Cryptomarasmius,floridae,1
Florida,Cuphophyllus,pratensis,1
Florida,Cuphophyllus,virgineus,1
Florida,Cyathus,lesueurii,1
Florida,Cyathus,montagnei,1
Florida,Cyathus,poeppigii,1
Florida,Cyathus,vernicosus,1
Florida,Cylindrobasidium,laeve,1
Florida,Cymatoderma,floridanum,1
Florida,Cyptotrama,chrysopepla,1
Florida,Daedalea,quercina,1
Florida,Daedaleopsis,rubescens,1
Florida,Dendrothele,acerinum,1
Florida,Dendrothele,candida,1
Florida,Dendrothele,griseocana,1
Florida,Dendrothele,nivosum,1
Florida,Dendrothele,strumosa,1
Florida,Diacanthodes,subabortivus,1
Florida,Dichomitus,ellisianus,1
Florida,Dichomitus,squalens,1
Florida,Dichostereum,effuscatum,1
Florida,Dictyonema,irpicinum,1
Florida,Disciseda,pedicellata,1
Florida,Ductifera,pululahuana,1
Florida,Echinoporia,aculeifera,1
Florida,Elmerina,canescens,1
Florida,Entoloma,alachuanum,1
Florida,Entoloma,albidiforme,1
Florida,Entoloma,clypeatum,1
Florida,Entoloma,cyaneus,1
Florida,Entoloma,dysthales,1
Florida,Entoloma,entoloma,1
Florida,Entoloma,felleum,1
Florida,Entoloma,floridana,1
Florida,Entoloma,floridanus,1
Florida,Entoloma,fuscodiscum,1
Florida,Entoloma,gainsvillae,1
Florida,Entoloma,grayanum,1
Florida,Entoloma,incanum,1
Florida,Entoloma,pinicola,1
Florida,Entoloma,rhodopolium,1
Florida,Entoloma,subalbidum,1
Florida,Entoloma,sublucidum,1
Florida,Entoloma,substrictius,1
Florida,Entoloma,subtenuipes,1
Florida,Exidia,glandulosa,1
Florida,Exidia,nigricans,1
Florida,Exidia,repanda,1
Florida,Favolus,daedalea,1
Florida,Favolus,daedaleus,1
Florida,Favolus,floridana,1
Florida,Favolus,reniformis,1
Florida,Filoboletus,gracilis,1
Florida,Flammulina,velutipes,1
Florida,Flavodon,flavus,1
Florida,Fomes,sclerodermeus,1
Florida,Fomes,subnivosa,1
Florida,Fomitiporia,calkinsii,1
Florida,Fomitiporia,punctatus,1
Florida,Fomitopsis,marginatus,1
Florida,Fulvifomes,inermis,1
Florida,Fulvifomes,krugiodendri,1
Florida,Fulvifomes,melleoporus,1
Florida,Fulvifomes,umbrinellus,1
Florida,Funalia,aspera,1
Florida,Fuscocerrena,coriaceus,1
Florida,Fuscocerrena,farinacea,1
Florida,Fuscoporella,castletonensis,1
Florida,Fuscoporia,ferruginosa,1
Florida,Fuscoporia,ferruginosus,1
Florida,Fuscoporia,torulosus,1
Florida,Fuscopostia,fragilis,1
Florida,Fuscopostia,leucomallella,1
Florida,Galerina,hypnorum,1
Florida,Galerina,microcephala,1
Florida,Ganoderma,australis,1
Florida,Ganoderma,lucidus,1
Florida,Ganoderma,martinicense,1
Florida,Ganoderma,meredithiae,1
Florida,Ganoderma,parvulum,1
Florida,Ganoderma,resinaceum,1
Florida,Ganoderma,tornata,1
Florida,Ganoderma,tuberculosum,1
Florida,Geastrum,coronatum,1
Florida,Geastrum,fimbriatus,1
Florida,Geastrum,fornicatum,1
Florida,Geastrum,lloydianum,1
Florida,Geastrum,recolligens,1
Florida,Geastrum,sessile,1
Florida,Gliophorus,psittacinus,1
Florida,Gliophorus,sciophana,1
Florida,Gloeocystidiellum,porosum,1
Florida,Gloeophyllum,striatus,1
Florida,Gloeophyllum,trabeum,1
Florida,Gloiothele,lactescens,1
Florida,Gloioxanthomyces,nitidus,1
Florida,Gomphus,ludovicianus,1
Florida,Gymnopilus,amarissimus,1
Florida,Gymnopilus,dryophila,1
Florida,Gymnopilus,dryophilus,1
Florida,Gymnopilus,flavifolius,1
Florida,Gymnopilus,fulvicolor,1
Florida,Gymnopilus,luteoviridis,1
Florida,Gymnopilus,underwoodii,1
Florida,Gymnopus,albistricta,1
Florida,Gymnopus,androsaceus,1
Florida,Gymnopus,atrigilvus,1
Florida,Gymnopus,aurantiaca,1
Florida,Gymnopus,caryophilus,1
Florida,Gymnopus,coniceps,1
Florida,Gymnopus,exsculpta,1
Florida,Gymnopus,iocephala,1
Florida,Gymnopus,luxurians,1
Florida,Gymnopus,omphalina,1
Florida,Gymnopus,semihirtipes,1
Florida,Gymnopus,spongiosa,1
Florida,Gymnopus,spongiosus,1
Florida,Gymnopus,stenophyllus,1
Florida,Gymnopus,subconiceps,1
Florida,Gymnopus,subfunicularis,1
Florida,Gymnopus,subluxurians,1
Florida,Gymnopus,talisiae,1
Florida,Gymnopus,tricholoma,1
Florida,Gymnopus,westii,1
Florida,Gyroporus,balloui,1
Florida,Gyroporus,purpurinus,1
Florida,Hapalopilus,rhoadsii,1
Florida,Haplotrichum,crocea,1
Florida,Hebeloma,atrifulvifolium,1
Florida,Hebeloma,australe,1
Florida,Hebeloma,floridanum,1
Florida,Hebeloma,longisporum,1
Florida,Hebeloma,praefarinaceum,1
Florida,Hebeloma,subaustrale,1
Florida,Hebeloma,weberi,1
Florida,Hemileccinum,subglabripes,1
Florida,Hemimycena,crispula,1
Florida,Henningsomyces,candidus,1
Florida,Hericium,coralloides,1
Florida,Heterochaete,crassa,1
Florida,Hohenbuehelia,alachuana,1
Florida,Hohenbuehelia,fluxilis,1
Florida,Humidicutis,marginata,1
Florida,Humidicutis,pura,1
Florida,Hydnellum,concrescens,1
Florida,Hydnellum,floriforme,1
Florida,Hydnellum,vespertilio,1
Florida,Hydnodon,thelephora,1
Florida,Hydnum,repandum,1
Florida,Hydropus,papillatus,1
Florida,Hydropus,subcartilagineus,1
Florida,Hygrocybe,acutoconicus,1
Florida,Hygrocybe,andersonii,1
Florida,Hygrocybe,aurantiosplendens,1
Florida,Hygrocybe,californica,1
Florida,Hygrocybe,foliirubens,1
Florida,Hygrocybe,laetissima,1
Florida,Hygrocybe,miniata,1
Florida,Hygrocybe,miniatus,1
Florida,Hygrocybe,minutula,1
Florida,Hygrocybe,parvula,1
Florida,Hygrocybe,punicea,1
Florida,Hygrocybe,rubra,1
Florida,Hygrocybe,subluridus,1
Florida,Hygrocybe,subminiata,1
Florida,Hygrocybe,subminutula,1
Florida,Hygrophoropsis,aurantiacus,1
Florida,Hygrophorus,eburneus,1
Florida,Hygrophorus,hypothejus,1
Florida,Hygrophorus,russula,1
Florida,Hygrophorus,sordidus,1
Florida,Hymenochaete,corticolor,1
Florida,Hymenochaete,curtisii,1
Florida,Hymenochaete,iodina,1
Florida,Hymenochaete,odontoides,1
Florida,Hymenochaete,tabacinus,1
Florida,Hymenopellis,radicata,1
Florida,Hymenopellis,sinapicolor,1
Florida,Hyphoderma,berkeleyi,1
Florida,Hyphoderma,cremeoalbum,1
Florida,Hyphoderma,roseocremeum,1
Florida,Hyphoderma,tenuis,1
Florida,Hyphodontia,alienata,1
Florida,Hyphodontia,barba-jovis,1
Florida,Hyphodontia,hirta,1
Florida,Hyphodontia,setulosum,1
Florida,Hypholoma,subviride,1
Florida,Hypochnicium,lundellii,1
Florida,Hypsizygus,tessulatus,1
Florida,Hypsizygus,ulmarius,1
Florida,Imleria,badia,1
Florida,Inocybe,asterospora,1
Florida,Inocybe,caesariata,1
Florida,Inocybe,dunensis,1
Florida,Inocybe,floridana,1
Florida,Inocybe,geophylla,1
Florida,Inocybe,minutispora,1
Florida,Inocybe,oblectabilis,1
Florida,Inocybe,paludinella,1
Florida,Inocybe,parvispora,1
Florida,Inocybe,pernivosum,1
Florida,Inocybe,pertomentosa,1
Florida,Inocybe,prae-echinulata,1
Florida,Inocybe,praevillosa,1
Florida,Inocybe,subexilis,1
Florida,Inocybe,subfulviformis,1
Florida,Inocybe,sublongipes,1
Florida,Inocybe,subtomentosa,1
Florida,Inocybe,tigrina,1
Florida,Inocybe,trechispora,1
Florida,Inonotus,cubensis,1
Florida,Inonotus,obliquus,1
Florida,Inosperma,cookei,1
Florida,Inosperma,pallidifolium,1
Florida,Irpex,tulipiferae,1
Florida,Junghuhnia,nitidum,1
Florida,Laccaria,oblongospora,1
Florida,Laccaria,ochropurpurea,1
Florida,Lachnocladium,brasiliense,1
Florida,Lactarius,atroviridis,1
Florida,Lactarius,beardsleei,1
Florida,Lactarius,buckleyanus,1
Florida,Lactarius,chrysorrheus,1
Florida,Lactarius,crassiusculus,1
Florida,Lactarius,curtisii,1
Florida,Lactarius,deliciosus,1
Florida,Lactarius,flocculosiceps,1
Florida,Lactarius,papillatus,1
Florida,Lactarius,paucifluus,1
Florida,Lactarius,pergamenus,1
Florida,Lactarius,praeviscidus,1
Florida,Lactarius,quietus,1
Florida,Lactarius,rubidus,1
Florida,Lactarius,rufulus,1
Florida,Lactarius,salmoneus,1
Florida,Lactarius,stephensii,1
Florida,Lactarius,subisabellinus,1
Florida,Lactarius,subpurpureus,1
Florida,Lactarius,subserifluus,1
Florida,Lactarius,subvernalis,1
Florida,Lactarius,torminosus,1
Florida,Lactarius,trivialis,1
Florida,Lactifluus,caeruleitinctus,1
Florida,Lactifluus,piperatus,1
Florida,Lactifluus,rugatus,1
Florida,Lactifluus,subvellereus,1
Florida,Lactocollybia,albidus,1
Florida,Lactocollybia,variicystis,1
Florida,Lanmaoa,pseudosensibilis,1
Florida,Laternea,triscapa,1
Florida,Leccinellum,albellum,1
Florida,Leccinum,chalybaeum,1
Florida,Leccinum,scabrum,1
Florida,Leiotrametes,lactinea,1
Florida,Lentinula,cubensis,1
Florida,Lentinus,badius,1
Florida,Lentinus,bertieri,1
Florida,Lentinus,strigosus,1
Florida,Lenzites,berkeleyi,1
Florida,Lenzites,betulina,1
Florida,Lepiota,aeruginea,1
Florida,Lepiota,brevipes,1
Florida,Lepiota,clypeolaria,1
Florida,Lepiota,cristatiformis,1
Florida,Lepiota,fumosialba,1
Florida,Lepiota,fumosiceps,1
Florida,Lepiota,rubrotinctoides,1
Florida,Lepiota,rugulosa,1
Florida,Lepiota,subcristatella,1
Florida,Lepiota,subcultorum,1
Florida,Lepiota,subdryophila,1
Florida,Lepiota,subfulvastra,1
Florida,Lepiota,subneophana,1
Florida,Lepiota,subroseifolia,1
Florida,Lepiota,truncatispora,1
Florida,Lepiota,westii,1
Florida,Lepista,sordidum,1
Florida,Lepista,westii,1
Florida,Leucoagaricus,bresadolae,1
Florida,Leucoagaricus,brunnescens,1
Florida,Leucoagaricus,naucina,1
Florida,Leucocoprinus,brebissonii,1
Florida,Leucocoprinus,ianthinus,1
Florida,Leucopaxillus,albissima,1
Florida,Leucopaxillus,rappiana,1
Florida,Lichenomphalia,umbellifera,1
Florida,Limacella,glischra,1
Florida,Lulesia,alachuana,1
Florida,Lycoperdon,echinatum,1
Florida,Lycoperdon,exiguum,1
Florida,Lycoperdon,radicata,1
Florida,Marasmiellus,candidus,1
Florida,Marasmiellus,corticum,1
Florida,Marasmiellus,laurifoliae,1
Florida,Marasmiellus,ramealis,1
Florida,Marasmiellus,thaxteri,1
Florida,Marasmius,alachuanus,1
Florida,Marasmius,atlanticus,1
Florida,Marasmius,aurantiacus,1
Florida,Marasmius,cladophyllus,1
Florida,Marasmius,cohortalis,1
Florida,Marasmius,domesticus,1
Florida,Marasmius,epiphyllus,1
Florida,Marasmius,floridanus,1
Florida,Marasmius,leoninus,1
Florida,Marasmius,lilacina,1
Florida,Marasmius,nigrodiscus,1
Florida,Marasmius,olivascenticeps,1
Florida,Marasmius,rotula,1
Florida,Marasmius,subagricola,1
Florida,Marasmius,trinitatis,1
Florida,Megacollybia,platyphylla,1
Florida,Megacollybia,texensis,1
Florida,Megasporoporia,subserpens,1
Florida,Melanoleuca,calceifolia,1
Florida,Melanoleuca,calceifolium,1
Florida,Melanoleuca,fulvidiscum,1
Florida,Melanoleuca,lasciviforme,1
Florida,Melanoleuca,malodorum,1
Florida,Melanoleuca,melaleuciforme,1
Florida,Melanoleuca,melaleucum,1
Florida,Melanoleuca,microspermum,1
Florida,Melanoleuca,peralbum,1
Florida,Melanoleuca,piperatiforme,1
Florida,Melanoleuca,piperatiformis,1
Florida,Melanoleuca,subacre,1
Florida,Melanoleuca,subacris,1
Florida,Melanoleuca,subcylindrispora,1
Florida,Melanoleuca,subcylindrisporum,1
Florida,Melanoleuca,virginea,1
Florida,Melanoporia,nigra,1
Florida,Microporus,affinis,1
Florida,Microporus,florideus,1
Florida,Multiclavula,mucida,1
Florida,Mutinus,ravenelii,1
Florida,Mycena,alachuanus,1
Florida,Mycena,chloroxantha,1
Florida,Mycena,concolor,1
Florida,Mycena,filiformis,1
Florida,Mycena,meliigena,1
Florida,Mycena,stylobates,1
Florida,Mycena,supina,1
Florida,Mycena,texensis,1
Florida,Mycena,viscosa,1
Florida,Mycena,vulgaris,1
Florida,Mycoacia,stenodon,1
Florida,Naucoria,floridana,1
Florida,Naucoria,praeumbonata,1
Florida,Naucoria,similiformis,1
Florida,Neoantrodia,callosus,1
Florida,Neoclitocybe,byssisedus,1
Florida,Neofavolus,subpurpurascens,1
Florida,Neolentinus,cyathiformis,1
Florida,Obba,rivulosa,1
Florida,Odontia,xanthum,1
Florida,Osmoporus,saepiformius,1
Florida,Pachykytospora,papyracea,1
Florida,Panaeolus,acuminatus,1
Florida,Panaeolus,chlorocystis,1
Florida,Panaeolus,solidipes,1
Florida,Panellus,stipticus,1
Florida,Panus,fragilis,1
Florida,Paralepista,flaccida,1
Florida,Parasola,auricoma,1
Florida,Parasola,conopilea,1
Florida,Peniophora,burkei,1
Florida,Peniophora,cinereum,1
Florida,Peniophora,pruinatum,1
Florida,Peniophorella,pallidum,1
Florida,Peniophorella,praetermissum,1
Florida,Perenniporia,limitata,1
Florida,Perenniporia,ohiensis,1
Florida,Perenniporia,phloiophila,1
Florida,Phanerochaete,affinis,1
Florida,Phanerochaete,cremea,1
Florida,Phellinus,crocatus,1
Florida,Phellinus,everhartii,1
Florida,Phellinus,nilgheriensis,1
Florida,Phellinus,ravenelii,1
Florida,Phellinus,rimosus,1
Florida,Phellinus,robiniae,1
Florida,Phellodon,implicatus,1
Florida,Phlebia,ludoviciana,1
Florida,Phlebiopsis,giganteum,1
Florida,Phlebiopsis,umbrinum,1
Florida,Pholiota,vernalis,1
Florida,Phylloporia,chrysites,1
Florida,Phylloporia,spathulatus,1
Florida,Physisporinus,carneopallens,1
Florida,Pleurocybella,porrigens,1
Florida,Pleuroflammula,flammeus,1
Florida,Pleurotus,corticatus,1
Florida,Pleurotus,populinus,1
Florida,Pluteus,albostipitatus,1
Florida,Pluteus,atroavellaneus,1
Florida,Pluteus,atromarginatus,1
Florida,Pluteus,cinerellus,1
Florida,Pluteus,cubensis,1
Florida,Pluteus,ephebeus,1
Florida,Pluteus,harrisii,1
Florida,Pluteus,pellitus,1
Florida,Pluteus,rimosus,1
Florida,Pluteus,tucumanus,1
Florida,Podoscypha,petalodes,1
Florida,Podoscypha,ravenelii,1
Florida,Polyporus,calkinsii,1
Florida,Polyporus,mowryanus,1
Florida,Polyporus,squamosus,1
Florida,Polyporus,varius,1
Florida,Poria,langloisiana,1
Florida,Poronidulus,conchifer,1
Florida,Porotheleum,fimbriata,1
Florida,Psathyrella,ammophila,1
Florida,Psathyrella,floridana,1
Florida,Psathyrella,floridanum,1
Florida,Psathyrella,hymenocephala,1
Florida,Psathyrella,incerta,1
Florida,Psathyrella,rooseveltiana,1
Florida,Pseudoclitocybe,cyathiformis,1
Florida,Pseudocolus,fusiformis,1
Florida,Pseudocraterellus,calyculus,1
Florida,Pseudosperma,sororium,1
Florida,Psilocybe,coronilla,1
Florida,Pyrofomes,juniperinus,1
Florida,Ramaria,fennica,1
Florida,Ramaria,subbotrytis,1
Florida,Ranadivia,modesta,1
Florida,Resinomycena,mirabilis,1
Florida,Retiboletus,ornatipes,1
Florida,Retiboletus,retipes,1
Florida,Rhodocollybia,badiialba,1
Florida,Rhodocybe,roseiavellanea,1
Florida,Rhodophana,nitellina,1
Florida,Rigidoporus,actinobolus,1
Florida,Rigidoporus,microporus,1
Florida,Rigidoporus,nigrescens,1
Florida,Rigidoporus,sanguinolentus,1
Florida,Rigidoporus,vinctus,1
Florida,Rigidoporus,zonalis,1
Florida,Ripartitella,squamosidiscus,1
Florida,Rubroboletus,rhodosanguineus,1
Florida,Russula,admirabilis,1
Florida,Russula,albiduliformis,1
Florida,Russula,albimarginata,1
Florida,Russula,alutacea,1
Florida,Russula,alutaceiformis,1
Florida,Russula,australirosea,1
Florida,Russula,beardslei,1
Florida,Russula,brunneipes,1
Florida,Russula,cessans,1
Florida,Russula,cremeolilacina,1
Florida,Russula,decolorans,1
Florida,Russula,delica,1
Florida,Russula,diaboli,1
Florida,Russula,emeticiformis,1
Florida,Russula,flavida,1
Florida,Russula,fragilis,1
Florida,Russula,grata,1
Florida,Russula,heterosporoides,1
Florida,Russula,incarnaticeps,1
Florida,Russula,lepida,1
Florida,Russula,levyana,1
Florida,Russula,lividirosea,1
Florida,Russula,lutescentifolia,1
Florida,Russula,nigricans,1
Florida,Russula,partirosea,1
Florida,Russula,praefragilis,1
Florida,Russula,praetenuis,1
Florida,Russula,pulverulenta,1
Florida,Russula,rooseveltiana,1
Florida,Russula,roseitincta,1
Florida,Russula,rubra,1
Florida,Russula,sardonia,1
Florida,Russula,sericeonitens,1
Florida,Russula,silvestris,1
Florida,Russula,silvicola,1
Florida,Russula,sordida,1
Florida,Russula,subbrunneipes,1
Florida,Russula,subcremeiceps,1
Florida,Russula,subcyanoxantha,1
Florida,Russula,subflava,1
Florida,Russula,subfragiliformis,1
Florida,Russula,subglauca,1
Florida,Russula,subgraminicolor,1
Florida,Russula,subobscura,1
Florida,Russula,subsulphurea,1
Florida,Russula,subtilis,1
Florida,Russula,tricolor,1
Florida,Russula,uncialiformis,1
Florida,Russula,variecolor,1
Florida,Russula,variicolor,1
Florida,Russula,venusta,1
Florida,Russula,vinosirosea,1
Florida,Russula,westii,1
Florida,Saproamanita,manicata,1
Florida,Saproamanita,thiersii,1
Florida,Scleroderma,bermudense,1
Florida,Scleroderma,hypogaeum,1
Florida,Scytinopogon,pallescens,1
Florida,Sebacina,reticulata,1
Florida,Sidera,vulgaris,1
Florida,Simocybe,melleiceps,1
Florida,Skeletocutis,subincarnata,1
Florida,Skvortzovia,furfurella,1
Florida,Spongipellis,hypococcineus,1
Florida,Steccherinum,reniforme,1
Florida,Steccherinum,rhois,1
Florida,Stereum,australe,1
Florida,Stereum,sericeum,1
Florida,Stropharia,floridana,1
Florida,Stropharia,melanosperma,1
Florida,Suillellus,luridiceps,1
Florida,Suillus,americanus,1
Florida,Suillus,bovinus,1
Florida,Suillus,granulatus,1
Florida,Suillus,neoalbidipes,1
Florida,Suillus,pictus,1
Florida,Suillus,punctipes,1
Florida,Suillus,tomentosus,1
Florida,Tapinella,atrotomentosus,1
Florida,Terana,coeruleum,1
Florida,Thelephora,anthocephala,1
Florida,Thelephora,caryophyllea,1
Florida,Tinctoporellus,borbonica,1
Florida,Tinctoporellus,epimiltinus,1
Florida,Tomentella,botryoides,1
Florida,Trametes,brachypus,1
Florida,Trametes,hirsutus,1
Florida,Trametes,maximus,1
Florida,Trametes,membranaceus,1
Florida,Trametes,ochracea,1
Florida,Trametes,subcubensis,1
Florida,Trametes,velutinus,1
Florida,Trametopsis,cervina,1
Florida,Trechispora,candidissima,1
Florida,Trichaptum,perrottetii,1
Florida,Tricholoma,australe,1
Florida,Tricholoma,azalearum,1
Florida,Tricholoma,colossus,1
Florida,Tricholoma,columbetta,1
Florida,Tricholoma,flavovirens,1
Florida,Tricholoma,imbricatum,1
Florida,Tricholoma,margarita,1
Florida,Tricholoma,portentosum,1
Florida,Tricholoma,sejunctum,1
Florida,Tricholoma,sulphureum,1
Florida,Tricholomopsis,decora,1
Florida,Tricholomopsis,decorum,1
Florida,Tricholomopsis,formosum,1
Florida,Tricholomopsis,rutilans,1
Florida,Tricholomopsis,subdecorosum,1
Florida,Tricholomopsis,totilividum,1
Florida,Trogia,cantharelloides,1
Florida,Trogia,icterinus,1
Florida,Tropicoporus,dependens,1
Florida,Truncospora,cubensis,1
Florida,Truncospora,luridus,1
Florida,Tulostoma,mammosum,1
Florida,Tulostoma,poculatum,1
Florida,Tulostoma,simulans,1
Florida,Tylopilus,alboater,1
Florida,Tylopilus,praeanisatus,1
Florida,Tylopilus,rhodoconius,1
Florida,Tylopilus,violatinctus,1
Florida,Tyromyces,galactinus,1
Florida,Veloporphyrellus,conica,1
Florida,Veluticeps,conchatum,1
Florida,Volvariella,hypopithys,1
Florida,Volvariella,villosovolva,1
Florida,Volvopluteus,speciosa,1
Florida,Wrightoporia,heteromorpha,1
Florida,Xanthoconium,separans,1
Florida,Xerocomus,illudens,1
Florida,Xerocomus,olivaceus,1
Florida,Xylodon,orbiculare,1
